Workbook

Sheet Pivot_Data
A1: Sales by Region
A3: Row Labels | B3: Sum of Sales Amount
A4: East | B4: 1285000
A5: North | B5: 905000
A6: South | B6: 620000
A7: West | B7: 980000
A8: Grand Total | B8: 3790000

Sheet Pivat_Data_1
A1: Profit by Product Category
A3: Row Labels | B3: Sum of profit
A4: Electronics | B4: 595000
A5: Furniture | B5: 230000
A6: Stationery | B6: 76000
A7: Grand Total | B7: 901000

Sheet Raw_Data
A1: Date | B1: Region | C1: Product Category | D1: Product Name | E1: Units Sold | F1: Sales Amount | G1: Cost | H1: profit
A2: 45658 | B2: West | C2: Electronics | D2: Laptop | E2: 10 | F2: 600000 | G2: 480000 | H2: =F2-G2 -> 120000
A3: 45659 | B3: East | C3: Electronics | D3: Tablet | E3: 15 | F3: 300000 | G3: 210000 | H3: =F3-G3 -> 90000
A4: 45660 | B4: North | C4: Furniture | D4: Office Chair | E4: 20 | F4: 200000 | G4: 140000 | H4: =F4-G4 -> 60000
A5: 45661 | B5: South | C5: Furniture | D5: Desk | E5: 8 | F5: 160000 | G5: 120000 | H5: =F5-G5 -> 40000
A6: 45662 | B6: West | C6: Stationery | D6: Printer Paper | E6: 50 | F6: 50000 | G6: 30000 | H6: =F6-G6 -> 20000
A7: 45663 | B7: East | C7: Electronics | D7: Laptop | E7: 12 | F7: 720000 | G7: 576000 | H7: =F7-G7 -> 144000
A8: 45664 | B8: North | C8: Stationery | D8: Pens | E8: 100 | F8: 40000 | G8: 20000 | H8: =F8-G8 -> 20000
A9: 45665 | B9: South | C9: Electronics | D9: Monitor | E9: 14 | F9: 280000 | G9: 210000 | H9: =F9-G9 -> 70000
A10: 45666 | B10: West | C10: Furniture | D10: Sofa | E10: 5 | F10: 250000 | G10: 200000 | H10: =F10-G10 -> 50000
A11: 45667 | B11: East | C11: Stationery | D11: Notebooks | E11: 60 | F11: 90000 | G11: 54000 | H11: =F11-G11 -> 36000
A12: 45668 | B12: North | C12: Electronics | D12: Keyboard | E12: 25 | F12: 125000 | G12: 90000 | H12: =F12-G12 -> 35000
A13: 45669 | B13: South | C13: Furniture | D13: Cabinet | E13: 6 | F13: 180000 | G13: 135000 | H13: =F13-G13 -> 45000
... A16: 45672 | B16: North | C16: Electronics | D16: Laptop | E16: 9 | F16: 540000 | G16: 432000 | H16: =F16-G16 -> 108000

Sheet Analysis
A2: Total Sales | B2: =SUM(Raw_Data!F:F) -> 3790000
A3: Total Profit | B3: =SUM(Raw_Data!H:H) -> 901000
A4: Average Sales | B4: =AVERAGE(Raw_Data!F:F) -> 252666.67
A6: Region | B6: Sales
A7: West | B7: =SUMIFS(Raw_Data!F:F, Raw_Data!B:B, A7) -> 980000
A8: East | B8: =SUMIFS(Raw_Data!F:F, Raw_Data!B:B, A8) -> 1285000
A9: North | B9: =SUMIFS(Raw_Data!F:F, Raw_Data!B:B, A9) -> 905000
A10: South | B10: =SUMIFS(Raw_Data!F:F, Raw_Data!B:B, A10) -> 620000
